GHO (CODE),GHO (DISPLAY),GHO (URL),YEAR (DISPLAY),STARTYEAR,ENDYEAR,REGION (CODE),REGION (DISPLAY),COUNTRY (CODE),COUNTRY (DISPLAY),DIMENSION (TYPE),DIMENSION (CODE),DIMENSION (NAME),Numeric,Value,Low,High
#indicator+code,#indicator+name,#indicator+url,#date+year,#date+year+start,#date+year+end,#region+code,#region+name,#country+code,#country+name,#dimension+type,#dimension+code,#dimension+name,#indicator+value+num,#indicator+value,#indicator+value+low,#indicator+value+high
NUTRITION_ANAEMIA_REPRODUCTIVEAGE_PREV,Prevalence of anaemia in women of reproductive age (aged 15-49) (%),https://www.who.int/data/gho/data/indicators/indicator-details/GHO/prevalence-of-anaemia-in-women-of-reproductive-age-%28-%29,2019,2019,2019,SEAR,South-East Asia,BTN,Bhutan,SEX,SEX_FMLE,Female,33.2,33.2 [22.2-46.6],22.2,46.6
NUTRITION_ANAEMIA_REPRODUCTIVEAGE_NUM,Number of women of reproductive age (aged 15-49 years) with anaemia (thousands),https://www.who.int/data/gho/data/indicators/indicator-details/GHO/anaemia-in-women-of-reproductive-age-number-%28in-thousands%29,2017,2017,2017,SEAR,South-East Asia,BTN,Bhutan,SEX,SEX_FMLE,Female,2.2,2.2 [1.5-2.9],1.5,2.9
NUTRITION_ANAEMIA_REPRODUCTIVEAGE_PREV,Prevalence of anaemia in women of reproductive age (aged 15-49) (%),https://www.who.int/data/gho/data/indicators/indicator-details/GHO/prevalence-of-anaemia-in-women-of-reproductive-age-%28-%29,2015,2015,2015,SEAR,South-East Asia,BTN,Bhutan,SEX,SEX_FMLE,Female,34.2,34.2 [24.6-45.0],24.6,45.0
NUTRITION_ANAEMIA_REPRODUCTIVEAGE_NUM,Number of women of reproductive age (aged 15-49 years) with anaemia (thousands),https://www.who.int/data/gho/data/indicators/indicator-details/GHO/anaemia-in-women-of-reproductive-age-number-%28in-thousands%29,2015,2015,2015,SEAR,South-East Asia,BTN,Bhutan,SEX,SEX_FMLE,Female,53.5,53.5 [36.4-76.0],36.4,76.0
NUTRITION_ANAEMIA_REPRODUCTIVEAGE_NUM,Number of women of reproductive age (aged 15-49 years) with anaemia (thousands),https://www.who.int/data/gho/data/indicators/indicator-details/GHO/anaemia-in-women-of-reproductive-age-number-%28in-thousands%29,2013,2013,2013,SEAR,South-East Asia,BTN,Bhutan,SEX,SEX_FMLE,Female,2.7,2.7 [2.0-3.5],2.0,3.5
NUTRITION_ANAEMIA_REPRODUCTIVEAGE_NUM,Number of women of reproductive age (aged 15-49 years) with anaemia (thousands),https://www.who.int/data/gho/data/indicators/indicator-details/GHO/anaemia-in-women-of-reproductive-age-number-%28in-thousands%29,2005,2005,2005,SEAR,South-East Asia,BTN,Bhutan,SEX,SEX_FMLE,Female,44.9,44.9 [27.0-68.9],27.0,68.9
NUTRITION_ANAEMIA_REPRODUCTIVEAGE_NUM,Number of women of reproductive age (aged 15-49 years) with anaemia (thousands),https://www.who.int/data/gho/data/indicators/indicator-details/GHO/anaemia-in-women-of-reproductive-age-number-%28in-thousands%29,2009,2009,2009,SEAR,South-East Asia,BTN,Bhutan,SEX,SEX_FMLE,Female,49.0,49.0 [31.5-71.7],31.5,71.7
NUTRITION_ANAEMIA_REPRODUCTIVEAGE_PREV,Prevalence of anaemia in women of reproductive age (aged 15-49) (%),https://www.who.int/data/gho/data/indicators/indicator-details/GHO/prevalence-of-anaemia-in-women-of-reproductive-age-%28-%29,2007,2007,2007,SEAR,South-East Asia,BTN,Bhutan,SEX,SEX_FMLE,Female,28.1,28.1 [17.4-42.1],17.4,42.1
NUTRITION_ANAEMIA_REPRODUCTIVEAGE_NUM,Number of women of reproductive age (aged 15-49 years) with anaemia (thousands),https://www.who.int/data/gho/data/indicators/indicator-details/GHO/anaemia-in-women-of-reproductive-age-number-%28in-thousands%29,2013,2013,2013,SEAR,South-East Asia,BTN,Bhutan,SEX,SEX_FMLE,Female,50.6,50.6 [34.0-71.7],34.0,71.7
NUTRITION_ANAEMIA_REPRODUCTIVEAGE_NUM,Number of women of reproductive age (aged 15-49 years) with anaemia (thousands),https://www.who.int/data/gho/data/indicators/indicator-details/GHO/anaemia-in-women-of-reproductive-age-number-%28in-thousands%29,2016,2016,2016,SEAR,South-East Asia,BTN,Bhutan,SEX,SEX_FMLE,Female,2.3,2.3 [1.7-3.1],1.7,3.1
MDG_0000000025,Births attended by skilled health personnel (%),https://www.who.int/data/gho/data/indicators/indicator-details/GHO/births-attended-by-skilled-health-personnel-%28-%29,2015,2015,2015,SEAR,South-East Asia,BTN,Bhutan,,,,89.0,89,,
NUTRITION_ANAEMIA_REPRODUCTIVEAGE_PREV,Prevalence of anaemia in women of reproductive age (aged 15-49) (%),https://www.who.int/data/gho/data/indicators/indicator-details/GHO/prevalence-of-anaemia-in-women-of-reproductive-age-%28-%29,2016,2016,2016,SEAR,South-East Asia,BTN,Bhutan,SEX,SEX_FMLE,Female,34.0,34.0 [24.2-45.1],24.2,45.1
NUTRITION_ANAEMIA_REPRODUCTIVEAGE_PREV,Prevalence of anaemia in women of reproductive age (aged 15-49) (%),https://www.who.int/data/gho/data/indicators/indicator-details/GHO/prevalence-of-anaemia-in-women-of-reproductive-age-%28-%29,2017,2017,2017,SEAR,South-East Asia,BTN,Bhutan,SEX,SEX_FMLE,Female,29.9,29.9 [19.8-42.7],19.8,42.7
NUTRITION_ANAEMIA_REPRODUCTIVEAGE_NUM,Number of women of reproductive age (aged 15-49 years) with anaemia (thousands),https://www.who.int/data/gho/data/indicators/indicator-details/GHO/anaemia-in-women-of-reproductive-age-number-%28in-thousands%29,2004,2004,2004,SEAR,South-East Asia,BTN,Bhutan,SEX,SEX_FMLE,Female,43.8,43.8 [26.0-68.4],26.0,68.4
NUTRITION_ANAEMIA_REPRODUCTIVEAGE_NUM,Number of women of reproductive age (aged 15-49 years) with anaemia (thousands),https://www.who.int/data/gho/data/indicators/indicator-details/GHO/anaemia-in-women-of-reproductive-age-number-%28in-thousands%29,2017,2017,2017,SEAR,South-East Asia,BTN,Bhutan,SEX,SEX_FMLE,Female,59.4,59.4 [39.6-84.1],39.6,84.1
NUTRITION_ANAEMIA_REPRODUCTIVEAGE_PREV,Prevalence of anaemia in women of reproductive age (aged 15-49) (%),https://www.who.int/data/gho/data/indicators/indicator-details/GHO/prevalence-of-anaemia-in-women-of-reproductive-age-%28-%29,2019,2019,2019,SEAR,South-East Asia,BTN,Bhutan,SEX,SEX_FMLE,Female,30.9,30.9 [19.1-45.4],19.1,45.4
NUTRITION_ANAEMIA_REPRODUCTIVEAGE_NUM,Number of women of reproductive age (aged 15-49 years) with anaemia (thousands),https://www.who.int/data/gho/data/indicators/indicator-details/GHO/anaemia-in-women-of-reproductive-age-number-%28in-thousands%29,2018,2018,2018,SEAR,South-East Asia,BTN,Bhutan,SEX,SEX_FMLE,Female,2.0,2.0 [1.4-2.8],1.4,2.8
NUTRITION_ANAEMIA_REPRODUCTIVEAGE_NUM,Number of women of reproductive age (aged 15-49 years) with anaemia (thousands),https://www.who.int/data/gho/data/indicators/indicator-details/GHO/anaemia-in-women-of-reproductive-age-number-%28in-thousands%29,2023,2023,2023,SEAR,South-East Asia,BTN,Bhutan,SEX,SEX_FMLE,Female,2.0,2.0 [1.1-3.1],1.1,3.1
NUTRITION_ANAEMIA_REPRODUCTIVEAGE_NUM,Number of women of reproductive age (aged 15-49 years) with anaemia (thousands),https://www.who.int/data/gho/data/indicators/indicator-details/GHO/anaemia-in-women-of-reproductive-age-number-%28in-thousands%29,2012,2012,2012,SEAR,South-East Asia,BTN,Bhutan,SEX,SEX_FMLE,Female,2.8,2.8 [2.0-3.7],2.0,3.7
NUTRITION_ANAEMIA_REPRODUCTIVEAGE_NUM,Number of women of reproductive age (aged 15-49 years) with anaemia (thousands),https://www.who.int/data/gho/data/indicators/indicator-details/GHO/anaemia-in-women-of-reproductive-age-number-%28in-thousands%29,2005,2005,2005,SEAR,South-East Asia,BTN,Bhutan,SEX,SEX_FMLE,Female,3.4,3.4 [2.4-4.6],2.4,4.6
MDG_0000000025,Births attended by skilled health personnel (%),https://www.who.int/data/gho/data/indicators/indicator-details/GHO/births-attended-by-skilled-health-personnel-%28-%29,2014,2014,2014,SEAR,South-East Asia,BTN,Bhutan,,,,89.0,89,,
MDG_0000000025,Births attended by skilled health personnel (%),https://www.who.int/data/gho/data/indicators/indicator-details/GHO/births-attended-by-skilled-health-personnel-%28-%29,2020,2020,2020,SEAR,South-East Asia,BTN,Bhutan,,,,99.0,99,,
WHS4_154,Antenatal care coverage - at least four visits (%),https://www.who.int/data/gho/data/indicators/indicator-details/GHO/antenatal-care-coverage-at-least-four-visits,2012,2010,2012,SEAR,South-East Asia,BTN,Bhutan,,,,81.5,81.5,,
NUTRITION_ANAEMIA_REPRODUCTIVEAGE_NUM,Number of women of reproductive age (aged 15-49 years) with anaemia (thousands),https://www.who.int/data/gho/data/indicators/indicator-details/GHO/anaemia-in-women-of-reproductive-age-number-%28in-thousands%29,2020,2020,2020,SEAR,South-East Asia,BTN,Bhutan,SEX,SEX_FMLE,Female,65.8,65.8 [39.1-98.6],39.1,98.6
MDG_0000000025,Births attended by skilled health personnel (%),https://www.who.int/data/gho/data/indicators/indicator-details/GHO/births-attended-by-skilled-health-personnel-%28-%29,2007,2007,2007,SEAR,South-East Asia,BTN,Bhutan,,,,71.0,71,,
NUTRITION_ANAEMIA_REPRODUCTIVEAGE_PREV,Prevalence of anaemia in women of reproductive age (aged 15-49) (%),https://www.who.int/data/gho/data/indicators/indicator-details/GHO/prevalence-of-anaemia-in-women-of-reproductive-age-%28-%29,2017,2017,2017,SEAR,South-East Asia,BTN,Bhutan,SEX,SEX_FMLE,Female,33.8,33.8 [23.8-45.4],23.8,45.4
NUTRITION_ANAEMIA_REPRODUCTIVEAGE_PREV,Prevalence of anaemia in women of reproductive age (aged 15-49) (%),https://www.who.int/data/gho/data/indicators/indicator-details/GHO/prevalence-of-anaemia-in-women-of-reproductive-age-%28-%29,2000,2000,2000,SEAR,South-East Asia,BTN,Bhutan,SEX,SEX_FMLE,Female,28.5,28.5 [14.1-48.1],14.1,48.1
NUTRITION_ANAEMIA_REPRODUCTIVEAGE_PREV,Prevalence of anaemia in women of reproductive age (aged 15-49) (%),https://www.who.int/data/gho/data/indicators/indicator-details/GHO/prevalence-of-anaemia-in-women-of-reproductive-age-%28-%29,2023,2023,2023,SEAR,South-East Asia,BTN,Bhutan,SEX,SEX_FMLE,Female,33.8,33.8 [16.7-55.4],16.7,55.4
NUTRITION_ANAEMIA_REPRODUCTIVEAGE_NUM,Number of women of reproductive age (aged 15-49 years) with anaemia (thousands),https://www.who.int/data/gho/data/indicators/indicator-details/GHO/anaemia-in-women-of-reproductive-age-number-%28in-thousands%29,2023,2023,2023,SEAR,South-East Asia,BTN,Bhutan,SEX,SEX_FMLE,Female,73.3,73.3 [37.0-119.2],37.0,119.2
NUTRITION_ANAEMIA_REPRODUCTIVEAGE_PREV,Prevalence of anaemia in women of reproductive age (aged 15-49) (%),https://www.who.int/data/gho/data/indicators/indicator-details/GHO/prevalence-of-anaemia-in-women-of-reproductive-age-%28-%29,2014,2014,2014,SEAR,South-East Asia,BTN,Bhutan,SEX,SEX_FMLE,Female,28.8,28.8 [19.7-40.3],19.7,40.3
NUTRITION_ANAEMIA_REPRODUCTIVEAGE_PREV,Prevalence of anaemia in women of reproductive age (aged 15-49) (%),https://www.who.int/data/gho/data/indicators/indicator-details/GHO/prevalence-of-anaemia-in-women-of-reproductive-age-%28-%29,2000,2000,2000,SEAR,South-East Asia,BTN,Bhutan,SEX,SEX_FMLE,Female,29.4,29.4 [15.5-48.1],15.5,48.1
NUTRITION_ANAEMIA_REPRODUCTIVEAGE_NUM,Number of women of reproductive age (aged 15-49 years) with anaemia (thousands),https://www.who.int/data/gho/data/indicators/indicator-details/GHO/anaemia-in-women-of-reproductive-age-number-%28in-thousands%29,2004,2004,2004,SEAR,South-East Asia,BTN,Bhutan,SEX,SEX_FMLE,Female,40.4,40.4 [23.2-64.2],23.2,64.2
NUTRITION_ANAEMIA_REPRODUCTIVEAGE_PREV,Prevalence of anaemia in women of reproductive age (aged 15-49) (%),https://www.who.int/data/gho/data/indicators/indicator-details/GHO/prevalence-of-anaemia-in-women-of-reproductive-age-%28-%29,2004,2004,2004,SEAR,South-East Asia,BTN,Bhutan,SEX,SEX_FMLE,Female,28.3,28.3 [16.8-44.2],16.8,44.2
NUTRITION_ANAEMIA_REPRODUCTIVEAGE_PREV,Prevalence of anaemia in women of reproductive age (aged 15-49) (%),https://www.who.int/data/gho/data/indicators/indicator-details/GHO/prevalence-of-anaemia-in-women-of-reproductive-age-%28-%29,2022,2022,2022,SEAR,South-East Asia,BTN,Bhutan,SEX,SEX_FMLE,Female,32.9,32.9 [17.5-52.6],17.5,52.6
NUTRITION_ANAEMIA_REPRODUCTIVEAGE_PREV,Prevalence of anaemia in women of reproductive age (aged 15-49) (%),https://www.who.int/data/gho/data/indicators/indicator-details/GHO/prevalence-of-anaemia-in-women-of-reproductive-age-%28-%29,2010,2010,2010,SEAR,South-East Asia,BTN,Bhutan,SEX,SEX_FMLE,Female,28.0,28.0 [18.4-40.5],18.4,40.5
WHS4_154,Antenatal care coverage - at least four visits (%),https://www.who.int/data/gho/data/indicators/indicator-details/GHO/antenatal-care-coverage-at-least-four-visits,2023,2021,2023,SEAR,South-East Asia,BTN,Bhutan,,,,87.2,87.2,,
MDG_0000000003,Adolescent birth rate (per 1000 women),https://www.who.int/data/gho/data/indicators/indicator-details/GHO/adolescent-birth-rate-%28per-1000-women-aged-15-19-years%29,2019,2019,2019,SEAR,South-East Asia,BTN,Bhutan,SEX,SEX_FMLE,Female,7.917905331,7.9,,
NUTRITION_ANAEMIA_REPRODUCTIVEAGE_NUM,Number of women of reproductive age (aged 15-49 years) with anaemia (thousands),https://www.who.int/data/gho/data/indicators/indicator-details/GHO/anaemia-in-women-of-reproductive-age-number-%28in-thousands%29,2002,2002,2002,SEAR,South-East Asia,BTN,Bhutan,SEX,SEX_FMLE,Female,3.6,3.6 [2.5-4.9],2.5,4.9
NUTRITION_ANAEMIA_REPRODUCTIVEAGE_NUM,Number of women of reproductive age (aged 15-49 years) with anaemia (thousands),https://www.who.int/data/gho/data/indicators/indicator-details/GHO/anaemia-in-women-of-reproductive-age-number-%28in-thousands%29,2013,2013,2013,SEAR,South-East Asia,BTN,Bhutan,SEX,SEX_FMLE,Female,53.3,53.3 [36.3-74.8],36.3,74.8
NUTRITION_ANAEMIA_REPRODUCTIVEAGE_PREV,Prevalence of anaemia in women of reproductive age (aged 15-49) (%),https://www.who.int/data/gho/data/indicators/indicator-details/GHO/prevalence-of-anaemia-in-women-of-reproductive-age-%28-%29,2005,2005,2005,SEAR,South-East Asia,BTN,Bhutan,SEX,SEX_FMLE,Female,27.6,27.6 [16.1-43.2],16.1,43.2
SRHINSTITUTIONALBIRTH,Proportion of births delivered in a health facility (Facility births) (%),https://www.who.int/data/gho/data/indicators/indicator-details/GHO/institutional-births-%28-%29,2000,1999,2000,SEAR,South-East Asia,BTN,Bhutan,,,,19.8,19.8,,
NUTRITION_ANAEMIA_REPRODUCTIVEAGE_PREV,Prevalence of anaemia in women of reproductive age (aged 15-49) (%),https://www.who.int/data/gho/data/indicators/indicator-details/GHO/prevalence-of-anaemia-in-women-of-reproductive-age-%28-%29,2014,2014,2014,SEAR,South-East Asia,BTN,Bhutan,SEX,SEX_FMLE,Female,34.6,34.6 [25.2-45.6],25.2,45.6
MDG_0000000003,Adolescent birth rate (per 1000 women),https://www.who.int/data/gho/data/indicators/indicator-details/GHO/adolescent-birth-rate-%28per-1000-women-aged-15-19-years%29,2021,2021,2021,SEAR,South-East Asia,BTN,Bhutan,SEX,SEX_FMLE,Female,0.0,0,,
NUTRITION_ANAEMIA_REPRODUCTIVEAGE_PREV,Prevalence of anaemia in women of reproductive age (aged 15-49) (%),https://www.who.int/data/gho/data/indicators/indicator-details/GHO/prevalence-of-anaemia-in-women-of-reproductive-age-%28-%29,2018,2018,2018,SEAR,South-East Asia,BTN,Bhutan,SEX,SEX_FMLE,Female,30.4,30.4 [19.5-44.1],19.5,44.1
NUTRITION_ANAEMIA_REPRODUCTIVEAGE_PREV,Prevalence of anaemia in women of reproductive age (aged 15-49) (%),https://www.who.int/data/gho/data/indicators/indicator-details/GHO/prevalence-of-anaemia-in-women-of-reproductive-age-%28-%29,2006,2006,2006,SEAR,South-East Asia,BTN,Bhutan,SEX,SEX_FMLE,Female,27.5,27.5 [16.4-42.4],16.4,42.4
NUTRITION_ANAEMIA_REPRODUCTIVEAGE_PREV,Prevalence of anaemia in women of reproductive age (aged 15-49) (%),https://www.who.int/data/gho/data/indicators/indicator-details/GHO/prevalence-of-anaemia-in-women-of-reproductive-age-%28-%29,2010,2010,2010,SEAR,South-East Asia,BTN,Bhutan,SEX,SEX_FMLE,Female,36.1,36.1 [26.2-47.9],26.2,47.9
NUTRITION_ANAEMIA_REPRODUCTIVEAGE_NUM,Number of women of reproductive age (aged 15-49 years) with anaemia (thousands),https://www.who.int/data/gho/data/indicators/indicator-details/GHO/anaemia-in-women-of-reproductive-age-number-%28in-thousands%29,2019,2019,2019,SEAR,South-East Asia,BTN,Bhutan,SEX,SEX_FMLE,Female,63.6,63.6 [39.6-92.7],39.6,92.7
NUTRITION_ANAEMIA_REPRODUCTIVEAGE_NUM,Number of women of reproductive age (aged 15-49 years) with anaemia (thousands),https://www.who.int/data/gho/data/indicators/indicator-details/GHO/anaemia-in-women-of-reproductive-age-number-%28in-thousands%29,2021,2021,2021,SEAR,South-East Asia,BTN,Bhutan,SEX,SEX_FMLE,Female,68.1,68.1 [38.5-105.4],38.5,105.4
NUTRITION_ANAEMIA_REPRODUCTIVEAGE_NUM,Number of women of reproductive age (aged 15-49 years) with anaemia (thousands),https://www.who.int/data/gho/data/indicators/indicator-details/GHO/anaemia-in-women-of-reproductive-age-number-%28in-thousands%29,2011,2011,2011,SEAR,South-East Asia,BTN,Bhutan,SEX,SEX_FMLE,Female,51.0,51.0 [33.9-72.7],33.9,72.7
NUTRITION_ANAEMIA_REPRODUCTIVEAGE_PREV,Prevalence of anaemia in women of reproductive age (aged 15-49) (%),https://www.who.int/data/gho/data/indicators/indicator-details/GHO/prevalence-of-anaemia-in-women-of-reproductive-age-%28-%29,2011,2011,2011,SEAR,South-East Asia,BTN,Bhutan,SEX,SEX_FMLE,Female,28.1,28.1 [18.7-40.1],18.7,40.1
NUTRITION_ANAEMIA_REPRODUCTIVEAGE_PREV,Prevalence of anaemia in women of reproductive age (aged 15-49) (%),https://www.who.int/data/gho/data/indicators/indicator-details/GHO/prevalence-of-anaemia-in-women-of-reproductive-age-%28-%29,2009,2009,2009,SEAR,South-East Asia,BTN,Bhutan,SEX,SEX_FMLE,Female,27.5,27.5 [17.4-40.9],17.4,40.9
NUTRITION_ANAEMIA_REPRODUCTIVEAGE_NUM,Number of women of reproductive age (aged 15-49 years) with anaemia (thousands),https://www.who.int/data/gho/data/indicators/indicator-details/GHO/anaemia-in-women-of-reproductive-age-number-%28in-thousands%29,2000,2000,2000,SEAR,South-East Asia,BTN,Bhutan,SEX,SEX_FMLE,Female,40.7,40.7 [21.5-66.7],21.5,66.7
MDG_0000000003,Adolescent birth rate (per 1000 women),https://www.who.int/data/gho/data/indicators/indicator-details/GHO/adolescent-birth-rate-%28per-1000-women-aged-15-19-years%29,2005,2005,2005,SEAR,South-East Asia,BTN,Bhutan,SEX,SEX_FMLE,Female,36.46772003,36.5,,
MDG_0000000003,Adolescent birth rate (per 1000 women),https://www.who.int/data/gho/data/indicators/indicator-details/GHO/adolescent-birth-rate-%28per-1000-women-aged-15-19-years%29,2020,2020,2020,SEAR,South-East Asia,BTN,Bhutan,SEX,SEX_FMLE,Female,8.202032089,8.2,,
NUTRITION_ANAEMIA_REPRODUCTIVEAGE_NUM,Number of women of reproductive age (aged 15-49 years) with anaemia (thousands),https://www.who.int/data/gho/data/indicators/indicator-details/GHO/anaemia-in-women-of-reproductive-age-number-%28in-thousands%29,2008,2008,2008,SEAR,South-East Asia,BTN,Bhutan,SEX,SEX_FMLE,Female,44.8,44.8 [27.6-67.8],27.6,67.8
NUTRITION_ANAEMIA_REPRODUCTIVEAGE_PREV,Prevalence of anaemia in women of reproductive age (aged 15-49) (%),https://www.who.int/data/gho/data/indicators/indicator-details/GHO/prevalence-of-anaemia-in-women-of-reproductive-age-%28-%29,2008,2008,2008,SEAR,South-East Asia,BTN,Bhutan,SEX,SEX_FMLE,Female,28.0,28.0 [17.7-41.7],17.7,41.7
NUTRITION_ANAEMIA_REPRODUCTIVEAGE_NUM,Number of women of reproductive age (aged 15-49 years) with anaemia (thousands),https://www.who.int/data/gho/data/indicators/indicator-details/GHO/anaemia-in-women-of-reproductive-age-number-%28in-thousands%29,2008,2008,2008,SEAR,South-East Asia,BTN,Bhutan,SEX,SEX_FMLE,Female,48.1,48.1 [30.4-71.5],30.4,71.5
NUTRITION_ANAEMIA_REPRODUCTIVEAGE_PREV,Prevalence of anaemia in women of reproductive age (aged 15-49) (%),https://www.who.int/data/gho/data/indicators/indicator-details/GHO/prevalence-of-anaemia-in-women-of-reproductive-age-%28-%29,2016,2016,2016,SEAR,South-East Asia,BTN,Bhutan,SEX,SEX_FMLE,Female,29.4,29.4 [19.8-41.8],19.8,41.8
MDG_0000000003,Adolescent birth rate (per 1000 women),https://www.who.int/data/gho/data/indicators/indicator-details/GHO/adolescent-birth-rate-%28per-1000-women-aged-15-19-years%29,2016,2016,2016,SEAR,South-East Asia,BTN,Bhutan,SEX,SEX_FMLE,Female,14.19347191,14.2,,
NUTRITION_ANAEMIA_REPRODUCTIVEAGE_NUM,Number of women of reproductive age (aged 15-49 years) with anaemia (thousands),https://www.who.int/data/gho/data/indicators/indicator-details/GHO/anaemia-in-women-of-reproductive-age-number-%28in-thousands%29,2009,2009,2009,SEAR,South-East Asia,BTN,Bhutan,SEX,SEX_FMLE,Female,3.1,3.1 [2.2-4.1],2.2,4.1
NUTRITION_ANAEMIA_REPRODUCTIVEAGE_PREV,Prevalence of anaemia in women of reproductive age (aged 15-49) (%),https://www.who.int/data/gho/data/indicators/indicator-details/GHO/prevalence-of-anaemia-in-women-of-reproductive-age-%28-%29,2002,2002,2002,SEAR,South-East Asia,BTN,Bhutan,SEX,SEX_FMLE,Female,27.9,27.9 [14.9-45.3],14.9,45.3
NUTRITION_ANAEMIA_REPRODUCTIVEAGE_PREV,Prevalence of anaemia in women of reproductive age (aged 15-49) (%),https://www.who.int/data/gho/data/indicators/indicator-details/GHO/prevalence-of-anaemia-in-women-of-reproductive-age-%28-%29,2001,2001,2001,SEAR,South-East Asia,BTN,Bhutan,SEX,SEX_FMLE,Female,28.2,28.2 [14.5-46.5],14.5,46.5
NUTRITION_ANAEMIA_REPRODUCTIVEAGE_PREV,Prevalence of anaemia in women of reproductive age (aged 15-49) (%),https://www.who.int/data/gho/data/indicators/indicator-details/GHO/prevalence-of-anaemia-in-women-of-reproductive-age-%28-%29,2020,2020,2020,SEAR,South-East Asia,BTN,Bhutan,SEX,SEX_FMLE,Female,31.6,31.6 [18.8-47.3],18.8,47.3
NUTRITION_ANAEMIA_REPRODUCTIVEAGE_NUM,Number of women of reproductive age (aged 15-49 years) with anaemia (thousands),https://www.who.int/data/gho/data/indicators/indicator-details/GHO/anaemia-in-women-of-reproductive-age-number-%28in-thousands%29,2006,2006,2006,SEAR,South-East Asia,BTN,Bhutan,SEX,SEX_FMLE,Female,42.7,42.7 [25.4-65.7],25.4,65.7
MDG_0000000003,Adolescent birth rate (per 1000 women),https://www.who.int/data/gho/data/indicators/indicator-details/GHO/adolescent-birth-rate-%28per-1000-women-aged-15-19-years%29,2022,2022,2022,SEAR,South-East Asia,BTN,Bhutan,SEX,SEX_FMLE,Female,0.0,0,,
MDG_0000000003,Adolescent birth rate (per 1000 women),https://www.who.int/data/gho/data/indicators/indicator-details/GHO/adolescent-birth-rate-%28per-1000-women-aged-15-19-years%29,2009,2009,2009,SEAR,South-East Asia,BTN,Bhutan,SEX,SEX_FMLE,Female,59.0,59.0,,
NUTRITION_ANAEMIA_REPRODUCTIVEAGE_NUM,Number of women of reproductive age (aged 15-49 years) with anaemia (thousands),https://www.who.int/data/gho/data/indicators/indicator-details/GHO/anaemia-in-women-of-reproductive-age-number-%28in-thousands%29,2021,2021,2021,SEAR,South-East Asia,BTN,Bhutan,SEX,SEX_FMLE,Female,66.1,66.1 [36.9-102.9],36.9,102.9
NUTRITION_ANAEMIA_REPRODUCTIVEAGE_NUM,Number of women of reproductive age (aged 15-49 years) with anaemia (thousands),https://www.who.int/data/gho/data/indicators/indicator-details/GHO/anaemia-in-women-of-reproductive-age-number-%28in-thousands%29,2022,2022,2022,SEAR,South-East Asia,BTN,Bhutan,SEX,SEX_FMLE,Female,2.0,2.0 [1.2-3.1],1.2,3.1
NUTRITION_ANAEMIA_REPRODUCTIVEAGE_PREV,Prevalence of anaemia in women of reproductive age (aged 15-49) (%),https://www.who.int/data/gho/data/indicators/indicator-details/GHO/prevalence-of-anaemia-in-women-of-reproductive-age-%28-%29,2008,2008,2008,SEAR,South-East Asia,BTN,Bhutan,SEX,SEX_FMLE,Female,27.5,27.5 [17.0-41.6],17.0,41.6
NUTRITION_ANAEMIA_REPRODUCTIVEAGE_PREV,Prevalence of anaemia in women of reproductive age (aged 15-49) (%),https://www.who.int/data/gho/data/indicators/indicator-details/GHO/prevalence-of-anaemia-in-women-of-reproductive-age-%28-%29,2015,2015,2015,SEAR,South-East Asia,BTN,Bhutan,SEX,SEX_FMLE,Female,29.0,29.0 [19.7-41.2],19.7,41.2
MDG_0000000025,Births attended by skilled health personnel (%),https://www.who.int/data/gho/data/indicators/indicator-details/GHO/births-attended-by-skilled-health-personnel-%28-%29,2012,2012,2012,SEAR,South-East Asia,BTN,Bhutan,,,,75.0,75,,
NUTRITION_ANAEMIA_REPRODUCTIVEAGE_NUM,Number of women of reproductive age (aged 15-49 years) with anaemia (thousands),https://www.who.int/data/gho/data/indicators/indicator-details/GHO/anaemia-in-women-of-reproductive-age-number-%28in-thousands%29,2005,2005,2005,SEAR,South-East Asia,BTN,Bhutan,SEX,SEX_FMLE,Female,41.6,41.6 [24.3-65.2],24.3,65.2
NUTRITION_ANAEMIA_REPRODUCTIVEAGE_NUM,Number of women of reproductive age (aged 15-49 years) with anaemia (thousands),https://www.who.int/data/gho/data/indicators/indicator-details/GHO/anaemia-in-women-of-reproductive-age-number-%28in-thousands%29,2015,2015,2015,SEAR,South-East Asia,BTN,Bhutan,SEX,SEX_FMLE,Female,2.5,2.5 [1.8-3.2],1.8,3.2
NUTRITION_ANAEMIA_REPRODUCTIVEAGE_NUM,Number of women of reproductive age (aged 15-49 years) with anaemia (thousands),https://www.who.int/data/gho/data/indicators/indicator-details/GHO/anaemia-in-women-of-reproductive-age-number-%28in-thousands%29,2015,2015,2015,SEAR,South-East Asia,BTN,Bhutan,SEX,SEX_FMLE,Female,56.0,56.0 [38.4-78.9],38.4,78.9
NUTRITION_ANAEMIA_REPRODUCTIVEAGE_NUM,Number of women of reproductive age (aged 15-49 years) with anaemia (thousands),https://www.who.int/data/gho/data/indicators/indicator-details/GHO/anaemia-in-women-of-reproductive-age-number-%28in-thousands%29,2007,2007,2007,SEAR,South-East Asia,BTN,Bhutan,SEX,SEX_FMLE,Female,3.3,3.3 [2.4-4.4],2.4,4.4
NUTRITION_ANAEMIA_REPRODUCTIVEAGE_PREV,Prevalence of anaemia in women of reproductive age (aged 15-49) (%),https://www.who.int/data/gho/data/indicators/indicator-details/GHO/prevalence-of-anaemia-in-women-of-reproductive-age-%28-%29,2001,2001,2001,SEAR,South-East Asia,BTN,Bhutan,SEX,SEX_FMLE,Female,40.7,40.7 [29.0-56.0],29.0,56.0
NUTRITION_ANAEMIA_REPRODUCTIVEAGE_PREV,Prevalence of anaemia in women of reproductive age (aged 15-49) (%),https://www.who.int/data/gho/data/indicators/indicator-details/GHO/prevalence-of-anaemia-in-women-of-reproductive-age-%28-%29,2007,2007,2007,SEAR,South-East Asia,BTN,Bhutan,SEX,SEX_FMLE,Female,37.7,37.7 [27.2-50.4],27.2,50.4
NUTRITION_ANAEMIA_REPRODUCTIVEAGE_NUM,Number of women of reproductive age (aged 15-49 years) with anaemia (thousands),https://www.who.int/data/gho/data/indicators/indicator-details/GHO/anaemia-in-women-of-reproductive-age-number-%28in-thousands%29,2010,2010,2010,SEAR,South-East Asia,BTN,Bhutan,SEX,SEX_FMLE,Female,50.0,50.0 [32.8-72.3],32.8,72.3
NUTRITION_ANAEMIA_REPRODUCTIVEAGE_NUM,Number of women of reproductive age (aged 15-49 years) with anaemia (thousands),https://www.who.int/data/gho/data/indicators/indicator-details/GHO/anaemia-in-women-of-reproductive-age-number-%28in-thousands%29,2023,2023,2023,SEAR,South-East Asia,BTN,Bhutan,SEX,SEX_FMLE,Female,71.3,71.3 [35.3-116.9],35.3,116.9
SRHINSTITUTIONALBIRTH,Proportion of births delivered in a health facility (Facility births) (%),https://www.who.int/data/gho/data/indicators/indicator-details/GHO/institutional-births-%28-%29,2010,2008,2010,SEAR,South-East Asia,BTN,Bhutan,,,,63.0,63.0,,
MDG_0000000003,Adolescent birth rate (per 1000 women),https://www.who.int/data/gho/data/indicators/indicator-details/GHO/adolescent-birth-rate-%28per-1000-women-aged-15-19-years%29,2021,2021,2021,SEAR,South-East Asia,BTN,Bhutan,SEX,SEX_FMLE,Female,10.56856346,10.6,,
NUTRITION_ANAEMIA_REPRODUCTIVEAGE_PREV,Prevalence of anaemia in women of reproductive age (aged 15-49) (%),https://www.who.int/data/gho/data/indicators/indicator-details/GHO/prevalence-of-anaemia-in-women-of-reproductive-age-%28-%29,2014,2014,2014,SEAR,South-East Asia,BTN,Bhutan,SEX,SEX_FMLE,Female,28.6,28.6 [19.3-40.3],19.3,40.3
MDG_0000000025,Births attended by skilled health personnel (%),https://www.who.int/data/gho/data/indicators/indicator-details/GHO/births-attended-by-skilled-health-personnel-%28-%29,2018,2018,2018,SEAR,South-East Asia,BTN,Bhutan,,,,96.0,96,,
NUTRITION_ANAEMIA_REPRODUCTIVEAGE_NUM,Number of women of reproductive age (aged 15-49 years) with anaemia (thousands),https://www.who.int/data/gho/data/indicators/indicator-details/GHO/anaemia-in-women-of-reproductive-age-number-%28in-thousands%29,2012,2012,2012,SEAR,South-East Asia,BTN,Bhutan,SEX,SEX_FMLE,Female,49.3,49.3 [32.9-70.5],32.9,70.5
NUTRITION_ANAEMIA_REPRODUCTIVEAGE_NUM,Number of women of reproductive age (aged 15-49 years) with anaemia (thousands),https://www.who.int/data/gho/data/indicators/indicator-details/GHO/anaemia-in-women-of-reproductive-age-number-%28in-thousands%29,2004,2004,2004,SEAR,South-East Asia,BTN,Bhutan,SEX,SEX_FMLE,Female,3.4,3.4 [2.4-4.6],2.4,4.6
NUTRITION_ANAEMIA_REPRODUCTIVEAGE_PREV,Prevalence of anaemia in women of reproductive age (aged 15-49) (%),https://www.who.int/data/gho/data/indicators/indicator-details/GHO/prevalence-of-anaemia-in-women-of-reproductive-age-%28-%29,2013,2013,2013,SEAR,South-East Asia,BTN,Bhutan,SEX,SEX_FMLE,Female,28.5,28.5 [19.4-40.0],19.4,40.0
NUTRITION_ANAEMIA_REPRODUCTIVEAGE_PREV,Prevalence of anaemia in women of reproductive age (aged 15-49) (%),https://www.who.int/data/gho/data/indicators/indicator-details/GHO/prevalence-of-anaemia-in-women-of-reproductive-age-%28-%29,2002,2002,2002,SEAR,South-East Asia,BTN,Bhutan,SEX,SEX_FMLE,Female,40.2,40.2 [28.7-55.1],28.7,55.1
NUTRITION_ANAEMIA_REPRODUCTIVEAGE_PREV,Prevalence of anaemia in women of reproductive age (aged 15-49) (%),https://www.who.int/data/gho/data/indicators/indicator-details/GHO/prevalence-of-anaemia-in-women-of-reproductive-age-%28-%29,2006,2006,2006,SEAR,South-East Asia,BTN,Bhutan,SEX,SEX_FMLE,Female,28.1,28.1 [17.2-42.5],17.2,42.5
NUTRITION_ANAEMIA_REPRODUCTIVEAGE_NUM,Number of women of reproductive age (aged 15-49 years) with anaemia (thousands),https://www.who.int/data/gho/data/indicators/indicator-details/GHO/anaemia-in-women-of-reproductive-age-number-%28in-thousands%29,2014,2014,2014,SEAR,South-East Asia,BTN,Bhutan,SEX,SEX_FMLE,Female,54.6,54.6 [37.3-76.2],37.3,76.2
NUTRITION_ANAEMIA_REPRODUCTIVEAGE_PREV,Prevalence of anaemia in women of reproductive age (aged 15-49) (%),https://www.who.int/data/gho/data/indicators/indicator-details/GHO/prevalence-of-anaemia-in-women-of-reproductive-age-%28-%29,2015,2015,2015,SEAR,South-East Asia,BTN,Bhutan,SEX,SEX_FMLE,Female,29.2,29.2 [20.0-41.1],20.0,41.1
NUTRITION_ANAEMIA_REPRODUCTIVEAGE_PREV,Prevalence of anaemia in women of reproductive age (aged 15-49) (%),https://www.who.int/data/gho/data/indicators/indicator-details/GHO/prevalence-of-anaemia-in-women-of-reproductive-age-%28-%29,2013,2013,2013,SEAR,South-East Asia,BTN,Bhutan,SEX,SEX_FMLE,Female,34.9,34.9 [25.4-46.1],25.4,46.1
NUTRITION_ANAEMIA_REPRODUCTIVEAGE_NUM,Number of women of reproductive age (aged 15-49 years) with anaemia (thousands),https://www.who.int/data/gho/data/indicators/indicator-details/GHO/anaemia-in-women-of-reproductive-age-number-%28in-thousands%29,2014,2014,2014,SEAR,South-East Asia,BTN,Bhutan,SEX,SEX_FMLE,Female,52.0,52.0 [35.1-73.4],35.1,73.4
NUTRITION_ANAEMIA_REPRODUCTIVEAGE_PREV,Prevalence of anaemia in women of reproductive age (aged 15-49) (%),https://www.who.int/data/gho/data/indicators/indicator-details/GHO/prevalence-of-anaemia-in-women-of-reproductive-age-%28-%29,2018,2018,2018,SEAR,South-East Asia,BTN,Bhutan,SEX,SEX_FMLE,Female,30.5,30.5 [19.8-43.9],19.8,43.9
NUTRITION_ANAEMIA_REPRODUCTIVEAGE_PREV,Prevalence of anaemia in women of reproductive age (aged 15-49) (%),https://www.who.int/data/gho/data/indicators/indicator-details/GHO/prevalence-of-anaemia-in-women-of-reproductive-age-%28-%29,2016,2016,2016,SEAR,South-East Asia,BTN,Bhutan,SEX,SEX_FMLE,Female,29.6,29.6 [20.1-41.7],20.1,41.7
NUTRITION_ANAEMIA_REPRODUCTIVEAGE_PREV,Prevalence of anaemia in women of reproductive age (aged 15-49) (%),https://www.who.int/data/gho/data/indicators/indicator-details/GHO/prevalence-of-anaemia-in-women-of-reproductive-age-%28-%29,2003,2003,2003,SEAR,South-East Asia,BTN,Bhutan,SEX,SEX_FMLE,Female,39.7,39.7 [28.5-54.2],28.5,54.2
MDG_0000000003,Adolescent birth rate (per 1000 women),https://www.who.int/data/gho/data/indicators/indicator-details/GHO/adolescent-birth-rate-%28per-1000-women-aged-15-19-years%29,2006,2006,2006,SEAR,South-East Asia,BTN,Bhutan,SEX,SEX_FMLE,Female,43.81443405,43.8,,
NUTRITION_ANAEMIA_REPRODUCTIVEAGE_PREV,Prevalence of anaemia in women of reproductive age (aged 15-49) (%),https://www.who.int/data/gho/data/indicators/indicator-details/GHO/prevalence-of-anaemia-in-women-of-reproductive-age-%28-%29,2013,2013,2013,SEAR,South-East Asia,BTN,Bhutan,SEX,SEX_FMLE,Female,28.3,28.3 [19.0-40.0],19.0,40.0
NUTRITION_ANAEMIA_REPRODUCTIVEAGE_PREV,Prevalence of anaemia in women of reproductive age (aged 15-49) (%),https://www.who.int/data/gho/data/indicators/indicator-details/GHO/prevalence-of-anaemia-in-women-of-reproductive-age-%28-%29,2017,2017,2017,SEAR,South-East Asia,BTN,Bhutan,SEX,SEX_FMLE,Female,30.1,30.1 [20.0-42.6],20.0,42.6
NUTRITION_ANAEMIA_REPRODUCTIVEAGE_NUM,Number of women of reproductive age (aged 15-49 years) with anaemia (thousands),https://www.who.int/data/gho/data/indicators/indicator-details/GHO/anaemia-in-women-of-reproductive-age-number-%28in-thousands%29,2018,2018,2018,SEAR,South-East Asia,BTN,Bhutan,SEX,SEX_FMLE,Female,61.5,61.5 [39.8-88.3],39.8,88.3
NUTRITION_ANAEMIA_REPRODUCTIVEAGE_NUM,Number of women of reproductive age (aged 15-49 years) with anaemia (thousands),https://www.who.int/data/gho/data/indicators/indicator-details/GHO/anaemia-in-women-of-reproductive-age-number-%28in-thousands%29,2017,2017,2017,SEAR,South-East Asia,BTN,Bhutan,SEX,SEX_FMLE,Female,57.2,57.2 [37.9-81.6],37.9,81.6
NUTRITION_ANAEMIA_REPRODUCTIVEAGE_NUM,Number of women of reproductive age (aged 15-49 years) with anaemia (thousands),https://www.who.int/data/gho/data/indicators/indicator-details/GHO/anaemia-in-women-of-reproductive-age-number-%28in-thousands%29,2002,2002,2002,SEAR,South-East Asia,BTN,Bhutan,SEX,SEX_FMLE,Female,41.9,41.9 [23.5-66.5],23.5,66.5
MDG_0000000003,Adolescent birth rate (per 1000 women),https://www.who.int/data/gho/data/indicators/indicator-details/GHO/adolescent-birth-rate-%28per-1000-women-aged-15-19-years%29,2011,2011,2011,SEAR,South-East Asia,BTN,Bhutan,SEX,SEX_FMLE,Female,19.60000038,19.6,,
NUTRITION_ANAEMIA_REPRODUCTIVEAGE_PREV,Prevalence of anaemia in women of reproductive age (aged 15-49) (%),https://www.who.int/data/gho/data/indicators/indicator-details/GHO/prevalence-of-anaemia-in-women-of-reproductive-age-%28-%29,2012,2012,2012,SEAR,South-East Asia,BTN,Bhutan,SEX,SEX_FMLE,Female,35.2,35.2 [25.6-46.6],25.6,46.6
NUTRITION_ANAEMIA_REPRODUCTIVEAGE_PREV,Prevalence of anaemia in women of reproductive age (aged 15-49) (%),https://www.who.int/data/gho/data/indicators/indicator-details/GHO/prevalence-of-anaemia-in-women-of-reproductive-age-%28-%29,2009,2009,2009,SEAR,South-East Asia,BTN,Bhutan,SEX,SEX_FMLE,Female,28.0,28.0 [18.0-40.9],18.0,40.9
NUTRITION_ANAEMIA_REPRODUCTIVEAGE_PREV,Prevalence of anaemia in women of reproductive age (aged 15-49) (%),https://www.who.int/data/gho/data/indicators/indicator-details/GHO/prevalence-of-anaemia-in-women-of-reproductive-age-%28-%29,2002,2002,2002,SEAR,South-East Asia,BTN,Bhutan,SEX,SEX_FMLE,Female,28.6,28.6 [16.1-45.5],16.1,45.5
NUTRITION_ANAEMIA_REPRODUCTIVEAGE_PREV,Prevalence of anaemia in women of reproductive age (aged 15-49) (%),https://www.who.int/data/gho/data/indicators/indicator-details/GHO/prevalence-of-anaemia-in-women-of-reproductive-age-%28-%29,2023,2023,2023,SEAR,South-East Asia,BTN,Bhutan,SEX,SEX_FMLE,Female,33.8,33.8 [17.0-54.9],17.0,54.9
NUTRITION_ANAEMIA_REPRODUCTIVEAGE_NUM,Number of women of reproductive age (aged 15-49 years) with anaemia (thousands),https://www.who.int/data/gho/data/indicators/indicator-details/GHO/anaemia-in-women-of-reproductive-age-number-%28in-thousands%29,2019,2019,2019,SEAR,South-East Asia,BTN,Bhutan,SEX,SEX_FMLE,Female,61.6,61.6 [38.0-90.4],38.0,90.4
NUTRITION_ANAEMIA_REPRODUCTIVEAGE_NUM,Number of women of reproductive age (aged 15-49 years) with anaemia (thousands),https://www.who.int/data/gho/data/indicators/indicator-details/GHO/anaemia-in-women-of-reproductive-age-number-%28in-thousands%29,2016,2016,2016,SEAR,South-East Asia,BTN,Bhutan,SEX,SEX_FMLE,Female,57.5,57.5 [39.1-81.0],39.1,81.0
NUTRITION_ANAEMIA_REPRODUCTIVEAGE_NUM,Number of women of reproductive age (aged 15-49 years) with anaemia (thousands),https://www.who.int/data/gho/data/indicators/indicator-details/GHO/anaemia-in-women-of-reproductive-age-number-%28in-thousands%29,2010,2010,2010,SEAR,South-East Asia,BTN,Bhutan,SEX,SEX_FMLE,Female,47.0,47.0 [30.3-68.8],30.3,68.8
NUTRITION_ANAEMIA_REPRODUCTIVEAGE_NUM,Number of women of reproductive age (aged 15-49 years) with anaemia (thousands),https://www.who.int/data/gho/data/indicators/indicator-details/GHO/anaemia-in-women-of-reproductive-age-number-%28in-thousands%29,2007,2007,2007,SEAR,South-East Asia,BTN,Bhutan,SEX,SEX_FMLE,Female,43.8,43.8 [26.5-66.6],26.5,66.6
MDG_0000000003,Adolescent birth rate (per 1000 women),https://www.who.int/data/gho/data/indicators/indicator-details/GHO/adolescent-birth-rate-%28per-1000-women-aged-15-19-years%29,2019,2019,2019,SEAR,South-East Asia,BTN,Bhutan,SEX,SEX_FMLE,Female,0.0,0,,
NUTRITION_ANAEMIA_REPRODUCTIVEAGE_PREV,Prevalence of anaemia in women of reproductive age (aged 15-49) (%),https://www.who.int/data/gho/data/indicators/indicator-details/GHO/prevalence-of-anaemia-in-women-of-reproductive-age-%28-%29,2007,2007,2007,SEAR,South-East Asia,BTN,Bhutan,SEX,SEX_FMLE,Female,27.5,27.5 [16.7-41.9],16.7,41.9
NUTRITION_ANAEMIA_REPRODUCTIVEAGE_NUM,Number of women of reproductive age (aged 15-49 years) with anaemia (thousands),https://www.who.int/data/gho/data/indicators/indicator-details/GHO/anaemia-in-women-of-reproductive-age-number-%28in-thousands%29,2008,2008,2008,SEAR,South-East Asia,BTN,Bhutan,SEX,SEX_FMLE,Female,3.2,3.2 [2.3-4.3],2.3,4.3
MDG_0000000025,Births attended by skilled health personnel (%),https://www.who.int/data/gho/data/indicators/indicator-details/GHO/births-attended-by-skilled-health-personnel-%28-%29,2000,2000,2000,SEAR,South-East Asia,BTN,Bhutan,,,,27.0,27,,
WHS4_115,Births by caesarean section (%),https://www.who.int/data/gho/data/indicators/indicator-details/GHO/births-by-caesarean-section-%28-%29,2010,2008,2010,SEAR,South-East Asia,BTN,Bhutan,,,,12.4,12.4,,
SRHINSTITUTIONALBIRTH,Proportion of births delivered in a health facility (Facility births) (%),https://www.who.int/data/gho/data/indicators/indicator-details/GHO/institutional-births-%28-%29,2012,2011,2012,SEAR,South-East Asia,BTN,Bhutan,,,,76.8,76.8,,
NUTRITION_ANAEMIA_REPRODUCTIVEAGE_PREV,Prevalence of anaemia in women of reproductive age (aged 15-49) (%),https://www.who.int/data/gho/data/indicators/indicator-details/GHO/prevalence-of-anaemia-in-women-of-reproductive-age-%28-%29,2001,2001,2001,SEAR,South-East Asia,BTN,Bhutan,SEX,SEX_FMLE,Female,29.0,29.0 [15.8-46.4],15.8,46.4
NUTRITION_ANAEMIA_REPRODUCTIVEAGE_NUM,Number of women of reproductive age (aged 15-49 years) with anaemia (thousands),https://www.who.int/data/gho/data/indicators/indicator-details/GHO/anaemia-in-women-of-reproductive-age-number-%28in-thousands%29,2003,2003,2003,SEAR,South-East Asia,BTN,Bhutan,SEX,SEX_FMLE,Female,39.3,39.3 [21.8-63.2],21.8,63.2
NUTRITION_ANAEMIA_REPRODUCTIVEAGE_PREV,Prevalence of anaemia in women of reproductive age (aged 15-49) (%),https://www.who.int/data/gho/data/indicators/indicator-details/GHO/prevalence-of-anaemia-in-women-of-reproductive-age-%28-%29,2019,2019,2019,SEAR,South-East Asia,BTN,Bhutan,SEX,SEX_FMLE,Female,31.0,31.0 [19.3-45.2],19.3,45.2
WHS4_154,Antenatal care coverage - at least four visits (%),https://www.who.int/data/gho/data/indicators/indicator-details/GHO/antenatal-care-coverage-at-least-four-visits,2015,2013,2015,SEAR,South-East Asia,BTN,Bhutan,,,,84.9,84.9,,
NUTRITION_ANAEMIA_REPRODUCTIVEAGE_PREV,Prevalence of anaemia in women of reproductive age (aged 15-49) (%),https://www.who.int/data/gho/data/indicators/indicator-details/GHO/prevalence-of-anaemia-in-women-of-reproductive-age-%28-%29,2006,2006,2006,SEAR,South-East Asia,BTN,Bhutan,SEX,SEX_FMLE,Female,38.3,38.3 [27.6-51.6],27.6,51.6
MDG_0000000003,Adolescent birth rate (per 1000 women),https://www.who.int/data/gho/data/indicators/indicator-details/GHO/adolescent-birth-rate-%28per-1000-women-aged-15-19-years%29,2012,2012,2012,SEAR,South-East Asia,BTN,Bhutan,SEX,SEX_FMLE,Female,28.39999962,28.4,,
MDG_0000000025,Births attended by skilled health personnel (%),https://www.who.int/data/gho/data/indicators/indicator-details/GHO/births-attended-by-skilled-health-personnel-%28-%29,2017,2017,2017,SEAR,South-East Asia,BTN,Bhutan,,,,96.0,96,,
NUTRITION_ANAEMIA_REPRODUCTIVEAGE_NUM,Number of women of reproductive age (aged 15-49 years) with anaemia (thousands),https://www.who.int/data/gho/data/indicators/indicator-details/GHO/anaemia-in-women-of-reproductive-age-number-%28in-thousands%29,2006,2006,2006,SEAR,South-East Asia,BTN,Bhutan,SEX,SEX_FMLE,Female,3.4,3.4 [2.4-4.5],2.4,4.5
MDG_0000000003,Adolescent birth rate (per 1000 women),https://www.who.int/data/gho/data/indicators/indicator-details/GHO/adolescent-birth-rate-%28per-1000-women-aged-15-19-years%29,2020,2020,2020,SEAR,South-East Asia,BTN,Bhutan,SEX,SEX_FMLE,Female,0.0,0,,
NUTRITION_ANAEMIA_REPRODUCTIVEAGE_PREV,Prevalence of anaemia in women of reproductive age (aged 15-49) (%),https://www.who.int/data/gho/data/indicators/indicator-details/GHO/prevalence-of-anaemia-in-women-of-reproductive-age-%28-%29,2005,2005,2005,SEAR,South-East Asia,BTN,Bhutan,SEX,SEX_FMLE,Female,28.2,28.2 [16.9-43.2],16.9,43.2
NUTRITION_ANAEMIA_REPRODUCTIVEAGE_NUM,Number of women of reproductive age (aged 15-49 years) with anaemia (thousands),https://www.who.int/data/gho/data/indicators/indicator-details/GHO/anaemia-in-women-of-reproductive-age-number-%28in-thousands%29,2003,2003,2003,SEAR,South-East Asia,BTN,Bhutan,SEX,SEX_FMLE,Female,42.7,42.7 [24.7-67.5],24.7,67.5
MDG_0000000025,Births attended by skilled health personnel (%),https://www.who.int/data/gho/data/indicators/indicator-details/GHO/births-attended-by-skilled-health-personnel-%28-%29,2008,2008,2008,SEAR,South-East Asia,BTN,Bhutan,,,,66.0,66,,
NUTRITION_ANAEMIA_REPRODUCTIVEAGE_PREV,Prevalence of anaemia in women of reproductive age (aged 15-49) (%),https://www.who.int/data/gho/data/indicators/indicator-details/GHO/prevalence-of-anaemia-in-women-of-reproductive-age-%28-%29,2011,2011,2011,SEAR,South-East Asia,BTN,Bhutan,SEX,SEX_FMLE,Female,27.8,27.8 [18.2-40.1],18.2,40.1
NUTRITION_ANAEMIA_REPRODUCTIVEAGE_NUM,Number of women of reproductive age (aged 15-49 years) with anaemia (thousands),https://www.who.int/data/gho/data/indicators/indicator-details/GHO/anaemia-in-women-of-reproductive-age-number-%28in-thousands%29,2014,2014,2014,SEAR,South-East Asia,BTN,Bhutan,SEX,SEX_FMLE,Female,2.6,2.6 [1.9-3.4],1.9,3.4
MDG_0000000025,Births attended by skilled health personnel (%),https://www.who.int/data/gho/data/indicators/indicator-details/GHO/births-attended-by-skilled-health-personnel-%28-%29,2013,2013,2013,SEAR,South-East Asia,BTN,Bhutan,,,,89.0,89,,
NUTRITION_ANAEMIA_REPRODUCTIVEAGE_NUM,Number of women of reproductive age (aged 15-49 years) with anaemia (thousands),https://www.who.int/data/gho/data/indicators/indicator-details/GHO/anaemia-in-women-of-reproductive-age-number-%28in-thousands%29,2010,2010,2010,SEAR,South-East Asia,BTN,Bhutan,SEX,SEX_FMLE,Female,3.0,3.0 [2.2-4.0],2.2,4.0
NUTRITION_ANAEMIA_REPRODUCTIVEAGE_NUM,Number of women of reproductive age (aged 15-49 years) with anaemia (thousands),https://www.who.int/data/gho/data/indicators/indicator-details/GHO/anaemia-in-women-of-reproductive-age-number-%28in-thousands%29,2019,2019,2019,SEAR,South-East Asia,BTN,Bhutan,SEX,SEX_FMLE,Female,2.0,2.0 [1.3-2.7],1.3,2.7
NUTRITION_ANAEMIA_REPRODUCTIVEAGE_NUM,Number of women of reproductive age (aged 15-49 years) with anaemia (thousands),https://www.who.int/data/gho/data/indicators/indicator-details/GHO/anaemia-in-women-of-reproductive-age-number-%28in-thousands%29,2022,2022,2022,SEAR,South-East Asia,BTN,Bhutan,SEX,SEX_FMLE,Female,68.5,68.5 [36.4-109.5],36.4,109.5
NUTRITION_ANAEMIA_REPRODUCTIVEAGE_NUM,Number of women of reproductive age (aged 15-49 years) with anaemia (thousands),https://www.who.int/data/gho/data/indicators/indicator-details/GHO/anaemia-in-women-of-reproductive-age-number-%28in-thousands%29,2001,2001,2001,SEAR,South-East Asia,BTN,Bhutan,SEX,SEX_FMLE,Female,37.5,37.5 [19.3-62.0],19.3,62.0
MDG_0000000025,Births attended by skilled health personnel (%),https://www.who.int/data/gho/data/indicators/indicator-details/GHO/births-attended-by-skilled-health-personnel-%28-%29,2006,2006,2006,SEAR,South-East Asia,BTN,Bhutan,,,,57.0,57,,
MDG_0000000025,Births attended by skilled health personnel (%),https://www.who.int/data/gho/data/indicators/indicator-details/GHO/births-attended-by-skilled-health-personnel-%28-%29,2021,2021,2021,SEAR,South-East Asia,BTN,Bhutan,,,,99.0,99,,
NUTRITION_ANAEMIA_REPRODUCTIVEAGE_PREV,Prevalence of anaemia in women of reproductive age (aged 15-49) (%),https://www.who.int/data/gho/data/indicators/indicator-details/GHO/prevalence-of-anaemia-in-women-of-reproductive-age-%28-%29,2010,2010,2010,SEAR,South-East Asia,BTN,Bhutan,SEX,SEX_FMLE,Female,27.6,27.6 [17.8-40.4],17.8,40.4
NUTRITION_ANAEMIA_REPRODUCTIVEAGE_NUM,Number of women of reproductive age (aged 15-49 years) with anaemia (thousands),https://www.who.int/data/gho/data/indicators/indicator-details/GHO/anaemia-in-women-of-reproductive-age-number-%28in-thousands%29,2022,2022,2022,SEAR,South-East Asia,BTN,Bhutan,SEX,SEX_FMLE,Female,70.5,70.5 [37.7-112.1],37.7,112.1
NUTRITION_ANAEMIA_REPRODUCTIVEAGE_NUM,Number of women of reproductive age (aged 15-49 years) with anaemia (thousands),https://www.who.int/data/gho/data/indicators/indicator-details/GHO/anaemia-in-women-of-reproductive-age-number-%28in-thousands%29,2002,2002,2002,SEAR,South-East Asia,BTN,Bhutan,SEX,SEX_FMLE,Female,38.3,38.3 [20.5-62.2],20.5,62.2
NUTRITION_ANAEMIA_REPRODUCTIVEAGE_NUM,Number of women of reproductive age (aged 15-49 years) with anaemia (thousands),https://www.who.int/data/gho/data/indicators/indicator-details/GHO/anaemia-in-women-of-reproductive-age-number-%28in-thousands%29,2021,2021,2021,SEAR,South-East Asia,BTN,Bhutan,SEX,SEX_FMLE,Female,2.0,2.0 [1.2-3.0],1.2,3.0
NUTRITION_ANAEMIA_REPRODUCTIVEAGE_PREV,Prevalence of anaemia in women of reproductive age (aged 15-49) (%),https://www.who.int/data/gho/data/indicators/indicator-details/GHO/prevalence-of-anaemia-in-women-of-reproductive-age-%28-%29,2000,2000,2000,SEAR,South-East Asia,BTN,Bhutan,SEX,SEX_FMLE,Female,41.2,41.2 [28.8-57.2],28.8,57.2
NUTRITION_ANAEMIA_REPRODUCTIVEAGE_NUM,Number of women of reproductive age (aged 15-49 years) with anaemia (thousands),https://www.who.int/data/gho/data/indicators/indicator-details/GHO/anaemia-in-women-of-reproductive-age-number-%28in-thousands%29,2016,2016,2016,SEAR,South-East Asia,BTN,Bhutan,SEX,SEX_FMLE,Female,55.2,55.2 [37.1-78.4],37.1,78.4
NUTRITION_ANAEMIA_REPRODUCTIVEAGE_PREV,Prevalence of anaemia in women of reproductive age (aged 15-49) (%),https://www.who.int/data/gho/data/indicators/indicator-details/GHO/prevalence-of-anaemia-in-women-of-reproductive-age-%28-%29,2012,2012,2012,SEAR,South-East Asia,BTN,Bhutan,SEX,SEX_FMLE,Female,28.0,28.0 [18.7-40.0],18.7,40.0
MDG_0000000025,Births attended by skilled health personnel (%),https://www.who.int/data/gho/data/indicators/indicator-details/GHO/births-attended-by-skilled-health-personnel-%28-%29,2016,2016,2016,SEAR,South-East Asia,BTN,Bhutan,,,,89.0,89,,
NUTRITION_ANAEMIA_REPRODUCTIVEAGE_PREV,Prevalence of anaemia in women of reproductive age (aged 15-49) (%),https://www.who.int/data/gho/data/indicators/indicator-details/GHO/prevalence-of-anaemia-in-women-of-reproductive-age-%28-%29,2020,2020,2020,SEAR,South-East Asia,BTN,Bhutan,SEX,SEX_FMLE,Female,33.0,33.0 [21.3-47.1],21.3,47.1
SRHINSTITUTIONALBIRTH,Proportion of births delivered in a health facility (Facility births) (%),https://www.who.int/data/gho/data/indicators/indicator-details/GHO/institutional-births-%28-%29,2017,2016,2017,SEAR,South-East Asia,BTN,Bhutan,,,,93.4,93.4,,
NUTRITION_ANAEMIA_REPRODUCTIVEAGE_PREV,Prevalence of anaemia in women of reproductive age (aged 15-49) (%),https://www.who.int/data/gho/data/indicators/indicator-details/GHO/prevalence-of-anaemia-in-women-of-reproductive-age-%28-%29,2018,2018,2018,SEAR,South-East Asia,BTN,Bhutan,SEX,SEX_FMLE,Female,33.5,33.5 [23.3-46.0],23.3,46.0
MDG_0000000025,Births attended by skilled health personnel (%),https://www.who.int/data/gho/data/indicators/indicator-details/GHO/births-attended-by-skilled-health-personnel-%28-%29,2019,2019,2019,SEAR,South-East Asia,BTN,Bhutan,,,,96.0,96,,
NUTRITION_ANAEMIA_REPRODUCTIVEAGE_NUM,Number of women of reproductive age (aged 15-49 years) with anaemia (thousands),https://www.who.int/data/gho/data/indicators/indicator-details/GHO/anaemia-in-women-of-reproductive-age-number-%28in-thousands%29,2001,2001,2001,SEAR,South-East Asia,BTN,Bhutan,SEX,SEX_FMLE,Female,41.2,41.2 [22.4-66.1],22.4,66.1
MDG_0000000025,Births attended by skilled health personnel (%),https://www.who.int/data/gho/data/indicators/indicator-details/GHO/births-attended-by-skilled-health-personnel-%28-%29,2011,2011,2011,SEAR,South-East Asia,BTN,Bhutan,,,,70.0,70,,
NUTRITION_ANAEMIA_REPRODUCTIVEAGE_NUM,Number of women of reproductive age (aged 15-49 years) with anaemia (thousands),https://www.who.int/data/gho/data/indicators/indicator-details/GHO/anaemia-in-women-of-reproductive-age-number-%28in-thousands%29,2001,2001,2001,SEAR,South-East Asia,BTN,Bhutan,SEX,SEX_FMLE,Female,3.7,3.7 [2.6-5.1],2.6,5.1
SRHINSTITUTIONALBIRTH,Proportion of births delivered in a health facility (Facility births) (%),https://www.who.int/data/gho/data/indicators/indicator-details/GHO/institutional-births-%28-%29,2012,2010,2012,SEAR,South-East Asia,BTN,Bhutan,,,,73.7,73.7,,
NUTRITION_ANAEMIA_REPRODUCTIVEAGE_NUM,Number of women of reproductive age (aged 15-49 years) with anaemia (thousands),https://www.who.int/data/gho/data/indicators/indicator-details/GHO/anaemia-in-women-of-reproductive-age-number-%28in-thousands%29,2020,2020,2020,SEAR,South-East Asia,BTN,Bhutan,SEX,SEX_FMLE,Female,2.0,2.0 [1.3-2.9],1.3,2.9
NUTRITION_ANAEMIA_REPRODUCTIVEAGE_NUM,Number of women of reproductive age (aged 15-49 years) with anaemia (thousands),https://www.who.int/data/gho/data/indicators/indicator-details/GHO/anaemia-in-women-of-reproductive-age-number-%28in-thousands%29,2003,2003,2003,SEAR,South-East Asia,BTN,Bhutan,SEX,SEX_FMLE,Female,3.4,3.4 [2.5-4.7],2.5,4.7
MDG_0000000025,Births attended by skilled health personnel (%),https://www.who.int/data/gho/data/indicators/indicator-details/GHO/births-attended-by-skilled-health-personnel-%28-%29,2023,2023,2023,SEAR,South-East Asia,BTN,Bhutan,,,,99.0,99,,
NUTRITION_ANAEMIA_REPRODUCTIVEAGE_NUM,Number of women of reproductive age (aged 15-49 years) with anaemia (thousands),https://www.who.int/data/gho/data/indicators/indicator-details/GHO/anaemia-in-women-of-reproductive-age-number-%28in-thousands%29,2007,2007,2007,SEAR,South-East Asia,BTN,Bhutan,SEX,SEX_FMLE,Female,47.1,47.1 [29.2-70.6],29.2,70.6
SRHINSTITUTIONALBIRTH,Proportion of births delivered in a health facility (Facility births) (%),https://www.who.int/data/gho/data/indicators/indicator-details/GHO/institutional-births-%28-%29,2003,2002,2003,SEAR,South-East Asia,BTN,Bhutan,,,,56.1,56.1,,
NUTRITION_ANAEMIA_REPRODUCTIVEAGE_PREV,Prevalence of anaemia in women of reproductive age (aged 15-49) (%),https://www.who.int/data/gho/data/indicators/indicator-details/GHO/prevalence-of-anaemia-in-women-of-reproductive-age-%28-%29,2021,2021,2021,SEAR,South-East Asia,BTN,Bhutan,SEX,SEX_FMLE,Female,32.8,32.8 [20.1-47.8],20.1,47.8
NUTRITION_ANAEMIA_REPRODUCTIVEAGE_NUM,Number of women of reproductive age (aged 15-49 years) with anaemia (thousands),https://www.who.int/data/gho/data/indicators/indicator-details/GHO/anaemia-in-women-of-reproductive-age-number-%28in-thousands%29,2000,2000,2000,SEAR,South-East Asia,BTN,Bhutan,SEX,SEX_FMLE,Female,3.9,3.9 [2.7-5.4],2.7,5.4
MDG_0000000003,Adolescent birth rate (per 1000 women),https://www.who.int/data/gho/data/indicators/indicator-details/GHO/adolescent-birth-rate-%28per-1000-women-aged-15-19-years%29,2022,2022,2022,SEAR,South-East Asia,BTN,Bhutan,SEX,SEX_FMLE,Female,6.117908955,6.1,,
NUTRITION_ANAEMIA_REPRODUCTIVEAGE_PREV,Prevalence of anaemia in women of reproductive age (aged 15-49) (%),https://www.who.int/data/gho/data/indicators/indicator-details/GHO/prevalence-of-anaemia-in-women-of-reproductive-age-%28-%29,2021,2021,2021,SEAR,South-East Asia,BTN,Bhutan,SEX,SEX_FMLE,Female,32.2,32.2 [18.0-50.1],18.0,50.1
NUTRITION_ANAEMIA_REPRODUCTIVEAGE_PREV,Prevalence of anaemia in women of reproductive age (aged 15-49) (%),https://www.who.int/data/gho/data/indicators/indicator-details/GHO/prevalence-of-anaemia-in-women-of-reproductive-age-%28-%29,2011,2011,2011,SEAR,South-East Asia,BTN,Bhutan,SEX,SEX_FMLE,Female,35.7,35.7 [25.9-47.4],25.9,47.4
WHS4_154,Antenatal care coverage - at least four visits (%),https://www.who.int/data/gho/data/indicators/indicator-details/GHO/antenatal-care-coverage-at-least-four-visits,2010,2008,2010,SEAR,South-East Asia,BTN,Bhutan,,,,77.3,77.3,,
NUTRITION_ANAEMIA_REPRODUCTIVEAGE_PREV,Prevalence of anaemia in women of reproductive age (aged 15-49) (%),https://www.who.int/data/gho/data/indicators/indicator-details/GHO/prevalence-of-anaemia-in-women-of-reproductive-age-%28-%29,2021,2021,2021,SEAR,South-East Asia,BTN,Bhutan,SEX,SEX_FMLE,Female,32.2,32.2 [18.2-49.8],18.2,49.8
NUTRITION_ANAEMIA_REPRODUCTIVEAGE_PREV,Prevalence of anaemia in women of reproductive age (aged 15-49) (%),https://www.who.int/data/gho/data/indicators/indicator-details/GHO/prevalence-of-anaemia-in-women-of-reproductive-age-%28-%29,2004,2004,2004,SEAR,South-East Asia,BTN,Bhutan,SEX,SEX_FMLE,Female,39.2,39.2 [28.1-53.3],28.1,53.3
NUTRITION_ANAEMIA_REPRODUCTIVEAGE_NUM,Number of women of reproductive age (aged 15-49 years) with anaemia (thousands),https://www.who.int/data/gho/data/indicators/indicator-details/GHO/anaemia-in-women-of-reproductive-age-number-%28in-thousands%29,2009,2009,2009,SEAR,South-East Asia,BTN,Bhutan,SEX,SEX_FMLE,Female,45.9,45.9 [28.9-68.2],28.9,68.2
NUTRITION_ANAEMIA_REPRODUCTIVEAGE_NUM,Number of women of reproductive age (aged 15-49 years) with anaemia (thousands),https://www.who.int/data/gho/data/indicators/indicator-details/GHO/anaemia-in-women-of-reproductive-age-number-%28in-thousands%29,2020,2020,2020,SEAR,South-East Asia,BTN,Bhutan,SEX,SEX_FMLE,Female,63.7,63.7 [37.6-96.1],37.6,96.1
MDG_0000000003,Adolescent birth rate (per 1000 women),https://www.who.int/data/gho/data/indicators/indicator-details/GHO/adolescent-birth-rate-%28per-1000-women-aged-15-19-years%29,2004,2004,2004,SEAR,South-East Asia,BTN,Bhutan,SEX,SEX_FMLE,Female,36.46772003,36.5,,
NUTRITION_ANAEMIA_REPRODUCTIVEAGE_PREV,Prevalence of anaemia in women of reproductive age (aged 15-49) (%),https://www.who.int/data/gho/data/indicators/indicator-details/GHO/prevalence-of-anaemia-in-women-of-reproductive-age-%28-%29,2008,2008,2008,SEAR,South-East Asia,BTN,Bhutan,SEX,SEX_FMLE,Female,37.2,37.2 [26.8-49.6],26.8,49.6
SRHINSTITUTIONALBIRTH,Proportion of births delivered in a health facility (Facility births) (%),https://www.who.int/data/gho/data/indicators/indicator-details/GHO/institutional-births-%28-%29,2019,2019,2019,SEAR,South-East Asia,BTN,Bhutan,,,,94.5,94.5,,
NUTRITION_ANAEMIA_REPRODUCTIVEAGE_PREV,Prevalence of anaemia in women of reproductive age (aged 15-49) (%),https://www.who.int/data/gho/data/indicators/indicator-details/GHO/prevalence-of-anaemia-in-women-of-reproductive-age-%28-%29,2020,2020,2020,SEAR,South-East Asia,BTN,Bhutan,SEX,SEX_FMLE,Female,31.5,31.5 [18.6-47.5],18.6,47.5
NUTRITION_ANAEMIA_REPRODUCTIVEAGE_NUM,Number of women of reproductive age (aged 15-49 years) with anaemia (thousands),https://www.who.int/data/gho/data/indicators/indicator-details/GHO/anaemia-in-women-of-reproductive-age-number-%28in-thousands%29,2018,2018,2018,SEAR,South-East Asia,BTN,Bhutan,SEX,SEX_FMLE,Female,59.4,59.4 [38.1-86.1],38.1,86.1
NUTRITION_ANAEMIA_REPRODUCTIVEAGE_NUM,Number of women of reproductive age (aged 15-49 years) with anaemia (thousands),https://www.who.int/data/gho/data/indicators/indicator-details/GHO/anaemia-in-women-of-reproductive-age-number-%28in-thousands%29,2006,2006,2006,SEAR,South-East Asia,BTN,Bhutan,SEX,SEX_FMLE,Female,46.0,46.0 [28.1-69.6],28.1,69.6
NUTRITION_ANAEMIA_REPRODUCTIVEAGE_PREV,Prevalence of anaemia in women of reproductive age (aged 15-49) (%),https://www.who.int/data/gho/data/indicators/indicator-details/GHO/prevalence-of-anaemia-in-women-of-reproductive-age-%28-%29,2003,2003,2003,SEAR,South-East Asia,BTN,Bhutan,SEX,SEX_FMLE,Female,28.4,28.4 [16.4-44.9],16.4,44.9
NUTRITION_ANAEMIA_REPRODUCTIVEAGE_NUM,Number of women of reproductive age (aged 15-49 years) with anaemia (thousands),https://www.who.int/data/gho/data/indicators/indicator-details/GHO/anaemia-in-women-of-reproductive-age-number-%28in-thousands%29,2012,2012,2012,SEAR,South-East Asia,BTN,Bhutan,SEX,SEX_FMLE,Female,52.1,52.1 [35.2-74.0],35.2,74.0
NUTRITION_ANAEMIA_REPRODUCTIVEAGE_PREV,Prevalence of anaemia in women of reproductive age (aged 15-49) (%),https://www.who.int/data/gho/data/indicators/indicator-details/GHO/prevalence-of-anaemia-in-women-of-reproductive-age-%28-%29,2005,2005,2005,SEAR,South-East Asia,BTN,Bhutan,SEX,SEX_FMLE,Female,38.8,38.8 [27.9-52.4],27.9,52.4
NUTRITION_ANAEMIA_REPRODUCTIVEAGE_NUM,Number of women of reproductive age (aged 15-49 years) with anaemia (thousands),https://www.who.int/data/gho/data/indicators/indicator-details/GHO/anaemia-in-women-of-reproductive-age-number-%28in-thousands%29,2000,2000,2000,SEAR,South-East Asia,BTN,Bhutan,SEX,SEX_FMLE,Female,36.9,36.9 [18.3-62.1],18.3,62.1
NUTRITION_ANAEMIA_REPRODUCTIVEAGE_PREV,Prevalence of anaemia in women of reproductive age (aged 15-49) (%),https://www.who.int/data/gho/data/indicators/indicator-details/GHO/prevalence-of-anaemia-in-women-of-reproductive-age-%28-%29,2012,2012,2012,SEAR,South-East Asia,BTN,Bhutan,SEX,SEX_FMLE,Female,28.3,28.3 [19.1-40.2],19.1,40.2
MDG_0000000025,Births attended by skilled health personnel (%),https://www.who.int/data/gho/data/indicators/indicator-details/GHO/births-attended-by-skilled-health-personnel-%28-%29,2003,2003,2003,SEAR,South-East Asia,BTN,Bhutan,,,,56.0,56,,
MDG_0000000025,Births attended by skilled health personnel (%),https://www.who.int/data/gho/data/indicators/indicator-details/GHO/births-attended-by-skilled-health-personnel-%28-%29,2005,2005,2005,SEAR,South-East Asia,BTN,Bhutan,,,,52.0,52,,
NUTRITION_ANAEMIA_REPRODUCTIVEAGE_PREV,Prevalence of anaemia in women of reproductive age (aged 15-49) (%),https://www.who.int/data/gho/data/indicators/indicator-details/GHO/prevalence-of-anaemia-in-women-of-reproductive-age-%28-%29,2004,2004,2004,SEAR,South-East Asia,BTN,Bhutan,SEX,SEX_FMLE,Female,27.6,27.6 [15.9-43.9],15.9,43.9
NUTRITION_ANAEMIA_REPRODUCTIVEAGE_PREV,Prevalence of anaemia in women of reproductive age (aged 15-49) (%),https://www.who.int/data/gho/data/indicators/indicator-details/GHO/prevalence-of-anaemia-in-women-of-reproductive-age-%28-%29,2023,2023,2023,SEAR,South-East Asia,BTN,Bhutan,SEX,SEX_FMLE,Female,32.6,32.6 [17.4-50.9],17.4,50.9
NUTRITION_ANAEMIA_REPRODUCTIVEAGE_NUM,Number of women of reproductive age (aged 15-49 years) with anaemia (thousands),https://www.who.int/data/gho/data/indicators/indicator-details/GHO/anaemia-in-women-of-reproductive-age-number-%28in-thousands%29,2011,2011,2011,SEAR,South-East Asia,BTN,Bhutan,SEX,SEX_FMLE,Female,2.9,2.9 [2.1-3.8],2.1,3.8
NUTRITION_ANAEMIA_REPRODUCTIVEAGE_PREV,Prevalence of anaemia in women of reproductive age (aged 15-49) (%),https://www.who.int/data/gho/data/indicators/indicator-details/GHO/prevalence-of-anaemia-in-women-of-reproductive-age-%28-%29,2022,2022,2022,SEAR,South-East Asia,BTN,Bhutan,SEX,SEX_FMLE,Female,32.6,32.6 [18.8-49.3],18.8,49.3
NUTRITION_ANAEMIA_REPRODUCTIVEAGE_PREV,Prevalence of anaemia in women of reproductive age (aged 15-49) (%),https://www.who.int/data/gho/data/indicators/indicator-details/GHO/prevalence-of-anaemia-in-women-of-reproductive-age-%28-%29,2003,2003,2003,SEAR,South-East Asia,BTN,Bhutan,SEX,SEX_FMLE,Female,27.7,27.7 [15.4-44.6],15.4,44.6
NUTRITION_ANAEMIA_REPRODUCTIVEAGE_NUM,Number of women of reproductive age (aged 15-49 years) with anaemia (thousands),https://www.who.int/data/gho/data/indicators/indicator-details/GHO/anaemia-in-women-of-reproductive-age-number-%28in-thousands%29,2011,2011,2011,SEAR,South-East Asia,BTN,Bhutan,SEX,SEX_FMLE,Female,48.1,48.1 [31.5-69.6],31.5,69.6
NUTRITION_ANAEMIA_REPRODUCTIVEAGE_PREV,Prevalence of anaemia in women of reproductive age (aged 15-49) (%),https://www.who.int/data/gho/data/indicators/indicator-details/GHO/prevalence-of-anaemia-in-women-of-reproductive-age-%28-%29,2022,2022,2022,SEAR,South-East Asia,BTN,Bhutan,SEX,SEX_FMLE,Female,32.9,32.9 [17.6-52.2],17.6,52.2
MDG_0000000025,Births attended by skilled health personnel (%),https://www.who.int/data/gho/data/indicators/indicator-details/GHO/births-attended-by-skilled-health-personnel-%28-%29,2010,2010,2010,SEAR,South-East Asia,BTN,Bhutan,,,,65.0,65,,
MDG_0000000025,Births attended by skilled health personnel (%),https://www.who.int/data/gho/data/indicators/indicator-details/GHO/births-attended-by-skilled-health-personnel-%28-%29,2009,2009,2009,SEAR,South-East Asia,BTN,Bhutan,,,,66.0,66,,
NUTRITION_ANAEMIA_REPRODUCTIVEAGE_PREV,Prevalence of anaemia in women of reproductive age (aged 15-49) (%),https://www.who.int/data/gho/data/indicators/indicator-details/GHO/prevalence-of-anaemia-in-women-of-reproductive-age-%28-%29,2009,2009,2009,SEAR,South-East Asia,BTN,Bhutan,SEX,SEX_FMLE,Female,36.6,36.6 [26.4-48.7],26.4,48.7
